"","Match.Number","Round.Number","Date","Location","HomeTeam","AwayTeam","homeWinPct","awayWinPct","homeDrawPct"
"1",1,1,"11-08-2017","Selhurst Park","Arsenal","Leicester",0.916666666666667,0,0.0833333333333333
"2",2,1,"12-08-2017","Craven Cottage","Brighton","Man City",0,1,0
"3",3,1,"12-08-2017","Vitality Stadium","Chelsea","Burnley",0.5,0.25,0.25
"4",4,1,"12-08-2017","Elland Road","Crystal Palace","Huddersfield",0,1,0
"5",6,1,"12-08-2017","St. James' Park","Everton","Spurs",0.6,0.3,0.1
"6",7,1,"12-08-2017","Tottenham Hotspur Stadium","Southampton","Swansea",0.5,0.166666666666667,0.333333333333333
"7",8,1,"12-08-2017","Goodison Park","Watford","Liverpool",0.2,0.6,0.2
"8",5,1,"12-08-2017","King Power Stadium","West Brom","Bournemouth",0.666666666666667,0.333333333333333,0
"9",9,1,"13-08-2017","Old Trafford","Man United","West Ham",0.818181818181818,0.0909090909090909,0.0909090909090909
"10",10,1,"13-08-2017","London Stadium","Newcastle","Tottenham",0.521739130434783,0.260869565217391,0.217391304347826
"11",12,2,"19-08-2017","Villa Park","Bournemouth","Watford",0,0.333333333333333,0.666666666666667
"12",11,2,"19-08-2017","Emirates Stadium","Burnley","West Brom",0,0.333333333333333,0.666666666666667
"13",14,2,"19-08-2017","Amex Stadium","Leicester","Brighton",1,0,0
"14",17,2,"19-08-2017","Etihad Stadium","Liverpool","Crystal Palace",0.5,0.375,0.125
"15",19,2,"19-08-2017","St. Mary's Stadium","Southampton","West Ham",0.4375,0.1875,0.375
"16",20,2,"19-08-2017","Molineux Stadium","Spurs","Arsenal",0.5,0.2,0.3
"17",13,2,"19-08-2017","Brentford Community Stadium","Swansea","Man United",0.285714285714286,0.571428571428571,0.142857142857143
"18",18,2,"20-08-2017","The City Ground","Huddersfield","Newcastle",1,0,0
"19",15,2,"20-08-2017","Stamford Bridge","Tottenham","Chelsea",0.2,0.4,0.4
"20",16,2,"21-08-2017","Anfield","Man City","Everton",0.5,0.3,0.2
"21",29,3,"26-08-2017","Tottenham Hotspur Stadium","Bournemouth","Man City",0,1,0
"22",22,3,"26-08-2017","Selhurst Park","Crystal Palace","Swansea",0.2,0.6,0.2
"23",23,3,"26-08-2017","Goodison Park","Huddersfield","Southampton",0,0,1
"24",24,3,"26-08-2017","Craven Cottage","Man United","Leicester",0.666666666666667,0.0833333333333333,0.25
"25",26,3,"26-08-2017","King Power Stadium","Newcastle","West Ham",0.55,0.15,0.3
"26",21,3,"26-08-2017","Vitality Stadium","Watford","Brighton",0,0,1
"27",25,3,"27-08-2017","Elland Road","Chelsea","Everton",0.56,0.04,0.4
"28",30,3,"27-08-2017","London Stadium","Liverpool","Arsenal",0.48,0.2,0.32
"29",28,3,"27-08-2017","St. James' Park","Tottenham","Burnley",0.75,0,0.25
"30",27,3,"27-08-2017","Old Trafford","West Brom","Spurs",0.333333333333333,0.555555555555556,0.111111111111111
"31",39,4,"09-09-2017","St. Mary's Stadium","Arsenal","Bournemouth",1,0,0
"32",33,4,"09-09-2017","Brentford Community Stadium","Brighton","West Brom",1,0,0
"33",34,4,"09-09-2017","Amex Stadium","Everton","Tottenham",0.2,0.32,0.48
"34",35,4,"09-09-2017","Stamford Bridge","Leicester","Chelsea",0.25,0.583333333333333,0.166666666666667
"35",36,4,"09-09-2017","Anfield","Man City","Liverpool",0.35,0.2,0.45
"36",37,4,"09-09-2017","Etihad Stadium","Southampton","Watford",0.5,0.25,0.25
"37",31,4,"09-09-2017","Emirates Stadium","Spurs","Man United",0.2,0.4,0.4
"38",32,4,"10-09-2017","Villa Park","Burnley","Crystal Palace",0.666666666666667,0.333333333333333,0
"39",40,4,"10-09-2017","Molineux Stadium","Swansea","Newcastle",0.5,0.333333333333333,0.166666666666667
"40",38,4,"11-09-2017","The City Ground","West Ham","Huddersfield",1,0,0
"41",43,5,"15-09-2017","Craven Cottage","Bournemouth","Brighton",1,0,0
"42",47,5,"16-09-2017","Selhurst Park","Crystal Palace","Southampton",0.25,0.375,0.375
"43",48,5,"16-09-2017","St. Mary's Stadium","Huddersfield","Leicester",0,0,1
"44",44,5,"16-09-2017","Elland Road","Liverpool","Burnley",0.75,0,0.25
"45",41,5,"16-09-2017","Vitality Stadium","Newcastle","Spurs",0.5,0.125,0.375
"46",42,5,"16-09-2017","Emirates Stadium","Tottenham","Swansea",0.857142857142857,0,0.142857142857143
"47",50,5,"16-09-2017","Etihad Stadium","Watford","Man City",0,0.75,0.25
"48",46,5,"16-09-2017","London Stadium","West Brom","West Ham",0.3,0.4,0.3
"49",49,5,"17-09-2017","Anfield","Chelsea","Arsenal",0.44,0.28,0.28
"50",45,5,"17-09-2017","King Power Stadium","Man United","Everton",0.76,0.04,0.2
"51",55,6,"23-09-2017","Goodison Park","Burnley","Huddersfield",0,0,1
"52",52,6,"23-09-2017","Brentford Community Stadium","Everton","Bournemouth",1,0,0
"53",54,6,"23-09-2017","Stamford Bridge","Leicester","Liverpool",0.333333333333333,0.416666666666667,0.25
"54",57,6,"23-09-2017","St. James' Park","Man City","Crystal Palace",0.857142857142857,0,0.142857142857143
"55",58,6,"23-09-2017","The City Ground","Southampton","Man United",0.277777777777778,0.555555555555556,0.166666666666667
"56",59,6,"23-09-2017","Tottenham Hotspur Stadium","Spurs","Chelsea",0.2,0.6,0.2
"57",60,6,"23-09-2017","Molineux Stadium","Swansea","Watford",0.333333333333333,0.333333333333333,0.333333333333333
"58",51,6,"23-09-2017","Villa Park","West Ham","Tottenham",0.454545454545455,0.409090909090909,0.136363636363636
"59",53,6,"24-09-2017","Amex Stadium","Brighton","Newcastle",1,0,0
"60",56,6,"25-09-2017","Old Trafford","Arsenal","West Brom",0.833333333333333,0.0833333333333333,0.0833333333333333
"61",64,7,"30-09-2017","Craven Cottage","Bournemouth","Leicester",0.333333333333333,0,0.666666666666667
"62",61,7,"30-09-2017","Vitality Stadium","Chelsea","Man City",0.6,0.15,0.25
"63",66,7,"30-09-2017","King Power Stadium","Huddersfield","Tottenham",0,1,0
"64",67,7,"30-09-2017","Anfield","Man United","Crystal Palace",1,0,0
"65",69,7,"30-09-2017","St. Mary's Stadium","Spurs","Southampton",0.333333333333333,0.166666666666667,0.5
"66",68,7,"30-09-2017","Etihad Stadium","West Brom","Watford",0.333333333333333,0.333333333333333,0.333333333333333
"67",62,7,"30-09-2017","Emirates Stadium","West Ham","Swansea",0.833333333333333,0.166666666666667,0
"68",70,7,"01-10-2017","London Stadium","Arsenal","Brighton",1,0,0
"69",63,7,"01-10-2017","Selhurst Park","Everton","Burnley",0.75,0.25,0
"70",65,7,"01-10-2017","Elland Road","Newcastle","Liverpool",0.434782608695652,0.304347826086957,0.260869565217391
"71",71,8,"14-10-2017","Villa Park","Burnley","West Ham",0.25,0.5,0.25
"72",78,8,"14-10-2017","The City Ground","Crystal Palace","Chelsea",0.25,0.75,0
"73",80,8,"14-10-2017","Molineux Stadium","Liverpool","Man United",0.32,0.44,0.24
"74",73,8,"14-10-2017","Amex Stadium","Man City","Spurs",0.8,0.1,0.1
"75",77,8,"14-10-2017","St. James' Park","Swansea","Huddersfield",1,0,0
"76",79,8,"14-10-2017","Tottenham Hotspur Stadium","Tottenham","Bournemouth",1,0,0
"77",72,8,"14-10-2017","Brentford Community Stadium","Watford","Arsenal",0.2,0.8,0
"78",76,8,"15-10-2017","Old Trafford","Brighton","Everton",0,0,1
"79",75,8,"15-10-2017","Goodison Park","Southampton","Newcastle",0.705882352941177,0.0588235294117647,0.235294117647059
"80",74,8,"16-10-2017","Stamford Bridge","Leicester","West Brom",0,0.5,0.5
"81",82,9,"20-10-2017","Emirates Stadium","West Ham","Brighton",0,1,0
"82",81,9,"21-10-2017","Vitality Stadium","Chelsea","Watford",0.8,0,0.2
"83",83,9,"21-10-2017","Selhurst Park","Huddersfield","Man United",1,0,0
"84",84,9,"21-10-2017","Craven Cottage","Man City","Burnley",0.5,0,0.5
"85",87,9,"21-10-2017","Anfield","Newcastle","Crystal Palace",0.571428571428571,0.142857142857143,0.285714285714286
"86",89,9,"21-10-2017","St. Mary's Stadium","Southampton","West Brom",0.5,0.25,0.25
"87",90,9,"21-10-2017","London Stadium","Spurs","Bournemouth",0.333333333333333,0.666666666666667,0
"88",88,9,"21-10-2017","Etihad Stadium","Swansea","Leicester",0.5,0.5,0
"89",85,9,"22-10-2017","Elland Road","Everton","Arsenal",0.24,0.48,0.28
"90",86,9,"22-10-2017","King Power Stadium","Tottenham","Liverpool",0.44,0.28,0.28
"91",91,10,"28-10-2017","Vitality Stadium","Arsenal","Swansea",0.428571428571429,0.428571428571429,0.142857142857143
"92",94,10,"28-10-2017","Stamford Bridge","Bournemouth","Chelsea",0,1,0
"93",97,10,"28-10-2017","Etihad Stadium","Crystal Palace","West Ham",0.285714285714286,0.428571428571429,0.285714285714286
"94",98,10,"28-10-2017","St. James' Park","Liverpool","Huddersfield",1,0,0
"95",93,10,"28-10-2017","Amex Stadium","Man United","Tottenham",0.8,0.08,0.12
"96",95,10,"28-10-2017","Selhurst Park","Watford","Spurs",0,1,0
"97",100,10,"28-10-2017","London Stadium","West Brom","Man City",0.25,0.666666666666667,0.0833333333333333
"98",92,10,"29-10-2017","Emirates Stadium","Brighton","Southampton",0,0,1
"99",96,10,"29-10-2017","Goodison Park","Leicester","Everton",0.25,0.25,0.5
"100",99,10,"30-10-2017","The City Ground","Burnley","Newcastle",0.5,0,0.5
"101",102,11,"04-11-2017","Brentford Community Stadium","Huddersfield","West Brom",1,0,0
"102",105,11,"04-11-2017","King Power Stadium","Newcastle","Bournemouth",0,1,0
"103",103,11,"04-11-2017","Craven Cottage","Southampton","Burnley",0.666666666666667,0.333333333333333,0
"104",110,11,"04-11-2017","Molineux Stadium","Spurs","Leicester",0,0.25,0.75
"105",109,11,"04-11-2017","Tottenham Hotspur Stadium","Swansea","Brighton",0,1,0
"106",101,11,"04-11-2017","Villa Park","West Ham","Liverpool",0.363636363636364,0.5,0.136363636363636
"107",104,11,"05-11-2017","Elland Road","Chelsea","Man United",0.48,0.2,0.32
"108",107,11,"05-11-2017","Old Trafford","Everton","Watford",0.8,0,0.2
"109",108,11,"05-11-2017","St. Mary's Stadium","Man City","Arsenal",0.35,0.5,0.15
"110",106,11,"05-11-2017","Anfield","Tottenham","Crystal Palace",0.5,0.125,0.375
"111",114,12,"18-11-2017","Amex Stadium","Arsenal","Tottenham",0.56,0.04,0.4
"112",117,12,"18-11-2017","Selhurst Park","Bournemouth","Huddersfield",1,0,0
"113",111,12,"18-11-2017","Vitality Stadium","Burnley","Swansea",0.333333333333333,0.666666666666667,0
"114",112,12,"18-11-2017","Emirates Stadium","Crystal Palace","Everton",0.125,0.5,0.375
"115",113,12,"18-11-2017","Brentford Community Stadium","Leicester","Man City",0.142857142857143,0.571428571428571,0.285714285714286
"116",118,12,"18-11-2017","St. James' Park","Liverpool","Southampton",0.555555555555556,0.166666666666667,0.277777777777778
"117",119,12,"18-11-2017","Anfield","Man United","Newcastle",0.608695652173913,0.0434782608695652,0.347826086956522
"118",120,12,"18-11-2017","Old Trafford","West Brom","Chelsea",0.25,0.666666666666667,0.0833333333333333
"119",115,12,"19-11-2017","Craven Cottage","Watford","West Ham",0.4,0.2,0.4
"120",116,12,"20-11-2017","King Power Stadium","Brighton","Spurs",0,0,1
"121",126,13,"24-11-2017","The City Ground","West Ham","Leicester",0.636363636363636,0.272727272727273,0.0909090909090909
"122",123,13,"25-11-2017","Goodison Park","Crystal Palace","Spurs",0.8,0,0.2
"123",125,13,"25-11-2017","Etihad Stadium","Liverpool","Chelsea",0.48,0.24,0.28
"124",122,13,"25-11-2017","Stamford Bridge","Man United","Brighton",1,0,0
"125",121,13,"25-11-2017","Villa Park","Newcastle","Watford",0.5,0.5,0
"126",124,13,"25-11-2017","Elland Road","Swansea","Bournemouth",0,0.333333333333333,0.666666666666667
"127",127,13,"25-11-2017","St. Mary's Stadium","Tottenham","West Brom",0.416666666666667,0.0833333333333333,0.5
"128",130,13,"26-11-2017","Molineux Stadium","Burnley","Arsenal",0,0.75,0.25
"129",128,13,"26-11-2017","Tottenham Hotspur Stadium","Huddersfield","Man City",0,1,0
"130",129,13,"26-11-2017","London Stadium","Southampton","Everton",0.555555555555556,0.166666666666667,0.277777777777778
"131",137,14,"28-11-2017","King Power Stadium","Brighton","Crystal Palace",0,0,1
"132",131,14,"28-11-2017","Vitality Stadium","Leicester","Tottenham",0.5,0.333333333333333,0.166666666666667
"133",133,14,"28-11-2017","Brentford Community Stadium","Watford","Man United",0.2,0.8,0
"134",134,14,"28-11-2017","Amex Stadium","West Brom","Newcastle",0.272727272727273,0.363636363636364,0.363636363636364
"135",135,14,"29-11-2017","Selhurst Park","Arsenal","Huddersfield",1,0,0
"136",140,14,"29-11-2017","St. James' Park","Bournemouth","Burnley",0.5,0.5,0
"137",136,14,"29-11-2017","Craven Cottage","Chelsea","Swansea",0.857142857142857,0,0.142857142857143
"138",138,14,"29-11-2017","Anfield","Everton","West Ham",0.636363636363636,0.136363636363636,0.227272727272727
"139",132,14,"29-11-2017","Emirates Stadium","Man City","Southampton",0.538461538461538,0.230769230769231,0.230769230769231
"140",139,14,"29-11-2017","Old Trafford","Spurs","Liverpool",0.4,0.4,0.2
"141",144,15,"02-12-2017","Elland Road","Arsenal","Man United",0.4,0.28,0.32
"142",145,15,"02-12-2017","Etihad Stadium","Brighton","Liverpool",0,1,0
"143",146,15,"02-12-2017","The City Ground","Chelsea","Newcastle",0.695652173913043,0.0434782608695652,0.260869565217391
"144",150,15,"02-12-2017","Molineux Stadium","Everton","Huddersfield",1,0,0
"145",143,15,"02-12-2017","Goodison Park","Leicester","Burnley",0.666666666666667,0,0.333333333333333
"146",142,15,"02-12-2017","Stamford Bridge","Spurs","Swansea",0.714285714285714,0,0.285714285714286
"147",141,15,"02-12-2017","Villa Park","Watford","Tottenham",0,0.4,0.6
"148",147,15,"02-12-2017","St. Mary's Stadium","West Brom","Crystal Palace",0.333333333333333,0.166666666666667,0.5
"149",149,15,"03-12-2017","London Stadium","Bournemouth","Southampton",0.333333333333333,0.333333333333333,0.333333333333333
"150",148,15,"03-12-2017","Tottenham Hotspur Stadium","Man City","West Ham",0.764705882352941,0.117647058823529,0.117647058823529
"151",155,16,"09-12-2017","Etihad Stadium","Burnley","Watford",1,0,0
"152",151,16,"09-12-2017","Vitality Stadium","Crystal Palace","Bournemouth",0,0.333333333333333,0.666666666666667
"153",154,16,"09-12-2017","Anfield","Huddersfield","Brighton",1,0,0
"154",157,16,"09-12-2017","The City Ground","Newcastle","Leicester",0.636363636363636,0.272727272727273,0.0909090909090909
"155",158,16,"09-12-2017","Tottenham Hotspur Stadium","Swansea","West Brom",0.857142857142857,0.142857142857143,0
"156",159,16,"09-12-2017","London Stadium","Tottenham","Spurs",0.5,0.2,0.3
"157",156,16,"09-12-2017","St. James' Park","West Ham","Chelsea",0.363636363636364,0.5,0.136363636363636
"158",160,16,"10-12-2017","Molineux Stadium","Liverpool","Everton",0.44,0.08,0.48
"159",152,16,"10-12-2017","Amex Stadium","Man United","Man City",0.45,0.3,0.25
"160",153,16,"10-12-2017","Craven Cottage","Southampton","Arsenal",0.277777777777778,0.388888888888889,0.333333333333333
"161",163,17,"12-12-2017","Brentford Community Stadium","Burnley","Spurs",0.5,0,0.5
"162",165,17,"12-12-2017","Selhurst Park","Crystal Palace","Watford",0.666666666666667,0.333333333333333,0
"163",166,17,"12-12-2017","Goodison Park","Huddersfield","Chelsea",0,1,0
"164",168,17,"13-12-2017","King Power Stadium","Liverpool","West Brom",0.666666666666667,0.166666666666667,0.166666666666667
"165",170,17,"13-12-2017","St. Mary's Stadium","Man United","Bournemouth",0.666666666666667,0,0.333333333333333
"166",162,17,"13-12-2017","Villa Park","Newcastle","Everton",0.521739130434783,0.304347826086957,0.173913043478261
"167",161,17,"13-12-2017","Emirates Stadium","Southampton","Leicester",0.416666666666667,0.166666666666667,0.416666666666667
"168",164,17,"13-12-2017","Stamford Bridge","Swansea","Man City",0.142857142857143,0.571428571428571,0.285714285714286
"169",169,17,"13-12-2017","Old Trafford","Tottenham","Brighton",1,0,0
"170",167,17,"13-12-2017","Elland Road","West Ham","Arsenal",0.0909090909090909,0.545454545454545,0.363636363636364
"171",179,18,"16-12-2017","London Stadium","Arsenal","Newcastle",0.739130434782609,0.173913043478261,0.0869565217391304
"172",174,18,"16-12-2017","Anfield","Brighton","Burnley",0,0,1
"173",180,18,"16-12-2017","Molineux Stadium","Chelsea","Southampton",0.611111111111111,0.166666666666667,0.222222222222222
"174",171,18,"16-12-2017","Vitality Stadium","Leicester","Crystal Palace",0.333333333333333,0.5,0.166666666666667
"175",173,18,"16-12-2017","Craven Cottage","Man City","Tottenham",0.4,0.45,0.15
"176",175,18,"16-12-2017","Etihad Stadium","Spurs","West Ham",0.333333333333333,0.333333333333333,0.333333333333333
"177",176,18,"16-12-2017","St. James' Park","Watford","Huddersfield",0,1,0
"178",172,18,"17-12-2017","Amex Stadium","Bournemouth","Liverpool",0.333333333333333,0.666666666666667,0
"179",178,18,"17-12-2017","Tottenham Hotspur Stadium","West Brom","Man United",0.0833333333333333,0.75,0.166666666666667
"180",177,18,"18-12-2017","The City Ground","Everton","Swansea",0.428571428571429,0.142857142857143,0.428571428571429
"181",183,19,"22-12-2017","Brentford Community Stadium","Arsenal","Liverpool",0.36,0.24,0.4
"182",186,19,"23-12-2017","Goodison Park","Brighton","Watford",1,0,0
"183",188,19,"23-12-2017","King Power Stadium","Burnley","Tottenham",0.25,0.5,0.25
"184",181,19,"23-12-2017","Emirates Stadium","Everton","Chelsea",0.32,0.36,0.32
"185",189,19,"23-12-2017","Old Trafford","Leicester","Man United",0.0833333333333333,0.583333333333333,0.333333333333333
"186",190,19,"23-12-2017","St. Mary's Stadium","Man City","Bournemouth",1,0,0
"187",187,19,"23-12-2017","Elland Road","Southampton","Huddersfield",0,0,1
"188",182,19,"23-12-2017","Villa Park","Spurs","West Brom",0.333333333333333,0.222222222222222,0.444444444444444
"189",185,19,"23-12-2017","Selhurst Park","Swansea","Crystal Palace",0.2,0,0.8
"190",184,19,"23-12-2017","Stamford Bridge","West Ham","Newcastle",0.4,0.4,0.2
"191",191,20,"26-12-2017","Villa Park","Bournemouth","West Ham",0.333333333333333,0.333333333333333,0.333333333333333
"192",196,20,"26-12-2017","Old Trafford","Chelsea","Brighton",1,0,0
"193",193,20,"26-12-2017","Amex Stadium","Huddersfield","Spurs",0,0,1
"194",194,20,"26-12-2017","Stamford Bridge","Liverpool","Swansea",0.714285714285714,0.142857142857143,0.142857142857143
"195",195,20,"26-12-2017","Goodison Park","Man United","Burnley",0.5,0,0.5
"196",198,20,"26-12-2017","The City Ground","Tottenham","Southampton",0.722222222222222,0.166666666666667,0.111111111111111
"197",200,20,"26-12-2017","Molineux Stadium","Watford","Leicester",0.5,0.25,0.25
"198",192,20,"26-12-2017","Brentford Community Stadium","West Brom","Everton",0.333333333333333,0.5,0.166666666666667
"199",197,20,"27-12-2017","St. James' Park","Newcastle","Man City",0.333333333333333,0.5,0.166666666666667
"200",199,20,"28-12-2017","Tottenham Hotspur Stadium","Crystal Palace","Arsenal",0.125,0.625,0.25
"201",207,21,"30-12-2017","Anfield","Bournemouth","Everton",0.666666666666667,0,0.333333333333333
"202",201,21,"30-12-2017","Vitality Stadium","Chelsea","Spurs",0.9,0,0.1
"203",206,21,"30-12-2017","King Power Stadium","Huddersfield","Burnley",0,0,1
"204",208,21,"30-12-2017","Etihad Stadium","Liverpool","Leicester",0.583333333333333,0.25,0.166666666666667
"205",209,21,"30-12-2017","St. Mary's Stadium","Man United","Southampton",0.722222222222222,0.111111111111111,0.166666666666667
"206",210,21,"30-12-2017","London Stadium","Newcastle","Brighton",0,0,1
"207",203,21,"30-12-2017","Selhurst Park","Watford","Swansea",0.666666666666667,0.333333333333333,0
"208",205,21,"31-12-2017","Elland Road","Crystal Palace","Man City",0.285714285714286,0.571428571428571,0.142857142857143
"209",202,21,"31-12-2017","Emirates Stadium","West Brom","Arsenal",0.25,0.5,0.25
"210",204,21,"01-01-2018","Craven Cottage","Brighton","Bournemouth",0,0,1
"211",211,22,"01-01-2018","Villa Park","Burnley","Liverpool",0.25,0.75,0
"212",212,22,"01-01-2018","Brentford Community Stadium","Everton","Man United",0.24,0.6,0.16
"213",213,22,"01-01-2018","Amex Stadium","Leicester","Huddersfield",1,0,0
"214",214,22,"01-01-2018","Stamford Bridge","Spurs","Newcastle",0.625,0.25,0.125
"215",215,22,"02-01-2018","Goodison Park","Man City","Watford",0.75,0,0.25
"216",216,22,"02-01-2018","Old Trafford","Southampton","Crystal Palace",0.75,0.125,0.125
"217",217,22,"02-01-2018","St. James' Park","Swansea","Tottenham",0,0.714285714285714,0.285714285714286
"218",218,22,"02-01-2018","The City Ground","West Ham","West Brom",0.3,0.1,0.6
"219",219,22,"03-01-2018","Tottenham Hotspur Stadium","Arsenal","Chelsea",0.44,0.2,0.36
"220",220,22,"04-01-2018","Molineux Stadium","Tottenham","West Ham",0.545454545454545,0.181818181818182,0.272727272727273
"221",221,23,"13-01-2018","Vitality Stadium","Chelsea","Leicester",0.583333333333333,0.0833333333333333,0.333333333333333
"222",222,23,"13-01-2018","Emirates Stadium","Crystal Palace","Burnley",0.333333333333333,0.333333333333333,0.333333333333333
"223",223,23,"13-01-2018","Selhurst Park","Huddersfield","West Ham",0,1,0
"224",224,23,"13-01-2018","Craven Cottage","Newcastle","Swansea",0.166666666666667,0.5,0.333333333333333
"225",225,23,"13-01-2018","Elland Road","Tottenham","Everton",0.6,0.12,0.28
"226",226,23,"13-01-2018","King Power Stadium","Watford","Southampton",0.25,0.25,0.5
"227",227,23,"13-01-2018","Anfield","West Brom","Brighton",1,0,0
"228",228,23,"14-01-2018","Etihad Stadium","Bournemouth","Arsenal",0.333333333333333,0.333333333333333,0.333333333333333
"229",229,23,"14-01-2018","St. Mary's Stadium","Liverpool","Man City",0.75,0.05,0.2
"230",230,23,"15-01-2018","London Stadium","Man United","Spurs",0.9,0,0.1
"231",231,24,"20-01-2018","Villa Park","Arsenal","Crystal Palace",0.75,0.125,0.125
"232",232,24,"20-01-2018","Brentford Community Stadium","Brighton","Chelsea",0,1,0
"233",233,24,"20-01-2018","Amex Stadium","Burnley","Man United",0.25,0.5,0.25
"234",234,24,"20-01-2018","Stamford Bridge","Everton","West Brom",0.5,0.166666666666667,0.333333333333333
"235",235,24,"20-01-2018","Goodison Park","Leicester","Watford",1,0,0
"236",236,24,"20-01-2018","Old Trafford","Man City","Newcastle",0.722222222222222,0.0555555555555556,0.222222222222222
"237",237,24,"20-01-2018","St. James' Park","Spurs","Huddersfield",1,0,0
"238",238,24,"20-01-2018","The City Ground","West Ham","Bournemouth",0.333333333333333,0.333333333333333,0.333333333333333
"239",239,24,"21-01-2018","Tottenham Hotspur Stadium","Southampton","Tottenham",0.444444444444444,0.333333333333333,0.222222222222222
"240",240,24,"22-01-2018","Molineux Stadium","Swansea","Liverpool",0.428571428571429,0.285714285714286,0.285714285714286
"241",241,25,"30-01-2018","Vitality Stadium","Huddersfield","Liverpool",0,1,0
"242",242,25,"30-01-2018","Selhurst Park","Swansea","Arsenal",0.428571428571429,0.571428571428571,0
"243",243,25,"30-01-2018","Goodison Park","West Ham","Crystal Palace",0.428571428571429,0.285714285714286,0.285714285714286
"244",244,25,"31-01-2018","Craven Cottage","Chelsea","Bournemouth",0.333333333333333,0.666666666666667,0
"245",245,25,"31-01-2018","Elland Road","Everton","Leicester",0.333333333333333,0.0833333333333333,0.583333333333333
"246",246,25,"31-01-2018","King Power Stadium","Man City","West Brom",0.75,0.0833333333333333,0.166666666666667
"247",247,25,"31-01-2018","Old Trafford","Newcastle","Burnley",0,0,1
"248",248,25,"31-01-2018","St. James' Park","Southampton","Brighton",0,0,1
"249",249,25,"31-01-2018","Tottenham Hotspur Stadium","Spurs","Watford",0.333333333333333,0.333333333333333,0.333333333333333
"250",250,25,"31-01-2018","London Stadium","Tottenham","Man United",0.24,0.48,0.28
"251",251,26,"03-02-2018","Emirates Stadium","Arsenal","Everton",0.76,0.04,0.2
"252",252,26,"03-02-2018","Villa Park","Bournemouth","Spurs",0.333333333333333,0.333333333333333,0.333333333333333
"253",253,26,"03-02-2018","Brentford Community Stadium","Brighton","West Ham",1,0,0
"254",254,26,"03-02-2018","Amex Stadium","Burnley","Man City",0.25,0.5,0.25
"255",255,26,"03-02-2018","Stamford Bridge","Leicester","Swansea",0.75,0,0.25
"256",256,26,"03-02-2018","Anfield","Man United","Huddersfield",1,0,0
"257",257,26,"03-02-2018","Etihad Stadium","West Brom","Southampton",0.375,0.375,0.25
"258",258,26,"04-02-2018","The City Ground","Crystal Palace","Newcastle",0.142857142857143,0.571428571428571,0.285714285714286
"259",259,26,"04-02-2018","St. Mary's Stadium","Liverpool","Tottenham",0.6,0.08,0.32
"260",260,26,"05-02-2018","Molineux Stadium","Watford","Chelsea",0.4,0.4,0.2
"261",261,27,"10-02-2018","Vitality Stadium","Everton","Crystal Palace",0.375,0.375,0.25
"262",262,27,"10-02-2018","Selhurst Park","Man City","Leicester",0.428571428571429,0.571428571428571,0
"263",263,27,"10-02-2018","Goodison Park","Spurs","Brighton",0,0,1
"264",264,27,"10-02-2018","Craven Cottage","Swansea","Burnley",1,0,0
"265",265,27,"10-02-2018","Elland Road","Tottenham","Arsenal",0.36,0.2,0.44
"266",266,27,"10-02-2018","King Power Stadium","West Ham","Watford",0.6,0.4,0
"267",267,27,"11-02-2018","Old Trafford","Huddersfield","Bournemouth",1,0,0
"268",268,27,"11-02-2018","St. James' Park","Newcastle","Man United",0.217391304347826,0.521739130434783,0.260869565217391
"269",269,27,"11-02-2018","Tottenham Hotspur Stadium","Southampton","Liverpool",0.333333333333333,0.444444444444444,0.222222222222222
"270",270,27,"12-02-2018","London Stadium","Chelsea","West Brom",0.833333333333333,0,0.166666666666667
"271",271,28,"24-02-2018","Emirates Stadium","Bournemouth","Newcastle",0,0.5,0.5
"272",272,28,"24-02-2018","Villa Park","Brighton","Swansea",1,0,0
"273",273,28,"24-02-2018","Brentford Community Stadium","Burnley","Southampton",0.666666666666667,0,0.333333333333333
"274",274,28,"24-02-2018","Amex Stadium","Leicester","Spurs",0.5,0.25,0.25
"275",275,28,"24-02-2018","Stamford Bridge","Liverpool","West Ham",0.681818181818182,0.0454545454545455,0.272727272727273
"276",276,28,"24-02-2018","Anfield","Watford","Everton",0.4,0.4,0.2
"277",277,28,"24-02-2018","Etihad Stadium","West Brom","Huddersfield",0,1,0
"278",278,28,"25-02-2018","The City Ground","Crystal Palace","Tottenham",0.25,0.625,0.125
"279",279,28,"25-02-2018","St. Mary's Stadium","Man United","Chelsea",0.36,0.24,0.4
"280",280,28,"01-03-2018","Molineux Stadium","Arsenal","Man City",0.55,0.1,0.35
"281",281,29,"03-03-2018","Vitality Stadium","Burnley","Everton",0.75,0.25,0
"282",282,29,"03-03-2018","Emirates Stadium","Leicester","Bournemouth",0,0,1
"283",283,29,"03-03-2018","Amex Stadium","Liverpool","Newcastle",0.782608695652174,0.0434782608695652,0.173913043478261
"284",284,29,"03-03-2018","Stamford Bridge","Southampton","Spurs",0.166666666666667,0.333333333333333,0.5
"285",285,29,"03-03-2018","Selhurst Park","Swansea","West Ham",0.333333333333333,0.166666666666667,0.5
"286",286,29,"03-03-2018","Goodison Park","Tottenham","Huddersfield",1,0,0
"287",287,29,"03-03-2018","Etihad Stadium","Watford","West Brom",0.666666666666667,0,0.333333333333333
"288",288,29,"04-03-2018","St. James' Park","Brighton","Arsenal",1,0,0
"289",289,29,"04-03-2018","The City Ground","Man City","Chelsea",0.35,0.55,0.1
"290",290,29,"05-03-2018","London Stadium","Crystal Palace","Man United",0,0.625,0.375
"291",291,30,"10-03-2018","Villa Park","Chelsea","Crystal Palace",0.625,0.25,0.125
"292",292,30,"10-03-2018","Brentford Community Stadium","Everton","Brighton",1,0,0
"293",293,30,"10-03-2018","Craven Cottage","Huddersfield","Swansea",0,0,1
"294",294,30,"10-03-2018","Elland Road","Man United","Liverpool",0.64,0.2,0.16
"295",295,30,"10-03-2018","King Power Stadium","Newcastle","Southampton",0.647058823529412,0.176470588235294,0.176470588235294
"296",296,30,"10-03-2018","Anfield","West Brom","Leicester",0,1,0
"297",297,30,"10-03-2018","Old Trafford","West Ham","Burnley",0.75,0.25,0
"298",298,30,"11-03-2018","St. Mary's Stadium","Arsenal","Watford",0.8,0.2,0
"299",299,30,"11-03-2018","Tottenham Hotspur Stadium","Bournemouth","Tottenham",0,0.666666666666667,0.333333333333333
"300",300,30,"12-03-2018","Molineux Stadium","Spurs","Man City",0.2,0.3,0.5
"301",301,31,"17-03-2018","Villa Park","Bournemouth","West Brom",0.666666666666667,0,0.333333333333333
"302",302,31,"17-03-2018","Stamford Bridge","Huddersfield","Crystal Palace",0,1,0
"303",303,31,"17-03-2018","Goodison Park","Liverpool","Watford",0.8,0.2,0
"304",304,31,"17-03-2018","Elland Road","Spurs","Everton",0.2,0.3,0.5
"305",305,31,"31-03-2018","Etihad Stadium","Brighton","Leicester",0,1,0
"306",306,31,"31-03-2018","The City Ground","Crystal Palace","Liverpool",0.25,0.625,0.125
"307",307,31,"31-03-2018","St. Mary's Stadium","Everton","Man City",0.55,0.2,0.25
"308",308,31,"31-03-2018","Tottenham Hotspur Stadium","Man United","Swansea",0.714285714285714,0.142857142857143,0.142857142857143
"309",309,31,"31-03-2018","London Stadium","Newcastle","Huddersfield",1,0,0
"310",310,31,"31-03-2018","Molineux Stadium","Watford","Bournemouth",0,0,1
"311",311,32,"31-03-2018","Vitality Stadium","West Brom","Burnley",0.666666666666667,0.333333333333333,0
"312",312,32,"31-03-2018","Emirates Stadium","West Ham","Southampton",0.6875,0.25,0.0625
"313",313,32,"01-04-2018","Brentford Community Stadium","Arsenal","Spurs",1,0,0
"314",314,32,"01-04-2018","Amex Stadium","Chelsea","Tottenham",0.64,0.04,0.32
"315",315,32,"07-04-2018","Selhurst Park","Bournemouth","Crystal Palace",0,0.333333333333333,0.666666666666667
"316",316,32,"07-04-2018","Craven Cottage","Brighton","Huddersfield",0,0,1
"317",317,32,"07-04-2018","King Power Stadium","Everton","Liverpool",0.24,0.4,0.36
"318",318,32,"07-04-2018","Anfield","Leicester","Newcastle",0.363636363636364,0.272727272727273,0.363636363636364
"319",319,32,"07-04-2018","Old Trafford","Man City","Man United",0.35,0.55,0.1
"320",320,32,"07-04-2018","St. James' Park","Spurs","Tottenham",0.3,0.7,0
"321",321,33,"07-04-2018","Goodison Park","Watford","Burnley",0.5,0.5,0
"322",322,33,"07-04-2018","Elland Road","West Brom","Swansea",0.428571428571429,0.285714285714286,0.285714285714286
"323",323,33,"08-04-2018","The City Ground","Arsenal","Southampton",0.722222222222222,0,0.277777777777778
"324",324,33,"08-04-2018","Tottenham Hotspur Stadium","Chelsea","West Ham",0.590909090909091,0.181818181818182,0.227272727272727
"325",325,33,"14-04-2018","London Stadium","Burnley","Leicester",0.666666666666667,0.333333333333333,0
"326",326,33,"14-04-2018","Molineux Stadium","Crystal Palace","Brighton",1,0,0
"327",327,33,"14-04-2018","Villa Park","Huddersfield","Watford",1,0,0
"328",328,33,"14-04-2018","Stamford Bridge","Liverpool","Bournemouth",0.666666666666667,0,0.333333333333333
"329",329,33,"14-04-2018","St. Mary's Stadium","Southampton","Chelsea",0.222222222222222,0.611111111111111,0.166666666666667
"330",330,33,"14-04-2018","Etihad Stadium","Swansea","Everton",0.142857142857143,0.428571428571429,0.428571428571429
"331",331,34,"14-04-2018","Vitality Stadium","Tottenham","Man City",0.6,0.25,0.15
"332",332,34,"15-04-2018","Emirates Stadium","Man United","West Brom",0.5,0.25,0.25
"333",333,34,"15-04-2018","Brentford Community Stadium","Newcastle","Arsenal",0.260869565217391,0.391304347826087,0.347826086956522
"334",334,34,"16-04-2018","Amex Stadium","West Ham","Spurs",0.222222222222222,0.222222222222222,0.555555555555556
"335",335,34,"17-04-2018","Selhurst Park","Brighton","Tottenham",0,0,1
"336",336,34,"18-04-2018","Craven Cottage","Bournemouth","Man United",0.333333333333333,0.666666666666667,0
"337",337,34,"19-04-2018","King Power Stadium","Burnley","Chelsea",0,0.75,0.25
"338",338,34,"19-04-2018","Anfield","Leicester","Southampton",0.583333333333333,0.0833333333333333,0.333333333333333
"339",339,34,"21-04-2018","Old Trafford","Watford","Crystal Palace",0,0.333333333333333,0.666666666666667
"340",340,34,"21-04-2018","St. James' Park","West Brom","Liverpool",0.166666666666667,0.5,0.333333333333333
"341",341,35,"22-04-2018","Vitality Stadium","Arsenal","West Ham",0.727272727272727,0.227272727272727,0.0454545454545455
"342",342,35,"22-04-2018","Amex Stadium","Man City","Swansea",1,0,0
"343",343,35,"22-04-2018","Craven Cottage","Spurs","Burnley",0.5,0.25,0.25
"344",344,35,"23-04-2018","Anfield","Everton","Newcastle",0.565217391304348,0.217391304347826,0.217391304347826
"345",345,35,"28-04-2018","Etihad Stadium","Burnley","Brighton",0,0,1
"346",346,35,"28-04-2018","St. James' Park","Crystal Palace","Leicester",0.5,0.333333333333333,0.166666666666667
"347",347,35,"28-04-2018","The City Ground","Huddersfield","Everton",0,1,0
"348",348,35,"28-04-2018","Tottenham Hotspur Stadium","Liverpool","Spurs",0.6,0,0.4
"349",349,35,"28-04-2018","London Stadium","Newcastle","West Brom",0.636363636363636,0.181818181818182,0.181818181818182
"350",350,35,"28-04-2018","Molineux Stadium","Southampton","Bournemouth",0.666666666666667,0,0.333333333333333
"351",351,36,"28-04-2018","Emirates Stadium","Swansea","Chelsea",0.142857142857143,0.428571428571429,0.428571428571429
"352",352,36,"29-04-2018","Villa Park","Man United","Arsenal",0.64,0.12,0.24
"353",353,36,"29-04-2018","Brentford Community Stadium","West Ham","Man City",0.411764705882353,0.352941176470588,0.235294117647059
"354",354,36,"30-04-2018","Stamford Bridge","Tottenham","Watford",1,0,0
"355",355,36,"04-05-2018","Selhurst Park","Brighton","Man United",1,0,0
"356",356,36,"05-05-2018","Goodison Park","Bournemouth","Swansea",1,0,0
"357",357,36,"05-05-2018","Elland Road","Everton","Southampton",0.666666666666667,0.0555555555555556,0.277777777777778
"358",358,36,"05-05-2018","King Power Stadium","Leicester","West Ham",0.363636363636364,0.363636363636364,0.272727272727273
"359",359,36,"05-05-2018","Old Trafford","Spurs","Crystal Palace",0.4,0.6,0
"360",360,36,"05-05-2018","St. Mary's Stadium","Watford","Newcastle",0.5,0,0.5
"361",361,37,"05-05-2018","Vitality Stadium","West Brom","Tottenham",0.25,0.333333333333333,0.416666666666667
"362",362,37,"06-05-2018","Amex Stadium","Arsenal","Burnley",1,0,0
"363",363,37,"06-05-2018","Craven Cottage","Chelsea","Liverpool",0.56,0.24,0.2
"364",364,37,"06-05-2018","Anfield","Man City","Huddersfield",0,0,1
"365",365,37,"08-05-2018","Etihad Stadium","Swansea","Southampton",0.166666666666667,0.666666666666667,0.166666666666667
"366",366,37,"09-05-2018","St. James' Park","Chelsea","Huddersfield",0,0,1
"367",367,37,"09-05-2018","The City Ground","Leicester","Arsenal",0.166666666666667,0.333333333333333,0.5
"368",368,37,"09-05-2018","Tottenham Hotspur Stadium","Man City","Brighton",1,0,0
"369",369,37,"09-05-2018","London Stadium","Tottenham","Newcastle",0.565217391304348,0.391304347826087,0.0434782608695652
"370",370,37,"10-05-2018","Molineux Stadium","West Ham","Man United",0.136363636363636,0.409090909090909,0.454545454545455
"371",371,38,"13-05-2018","Emirates Stadium","Burnley","Bournemouth",0.5,0.5,0
"372",372,38,"13-05-2018","Villa Park","Crystal Palace","West Brom",0.666666666666667,0.333333333333333,0
"373",373,38,"13-05-2018","Brentford Community Stadium","Huddersfield","Arsenal",0,1,0
"374",374,38,"13-05-2018","Stamford Bridge","Liverpool","Brighton",1,0,0
"375",375,38,"13-05-2018","Selhurst Park","Man United","Watford",1,0,0
"376",376,38,"13-05-2018","Goodison Park","Newcastle","Chelsea",0.478260869565217,0.260869565217391,0.260869565217391
"377",377,38,"13-05-2018","Elland Road","Southampton","Man City",0.230769230769231,0.461538461538462,0.307692307692308
"378",378,38,"13-05-2018","King Power Stadium","Swansea","Spurs",0.571428571428571,0.285714285714286,0.142857142857143
"379",379,38,"13-05-2018","Old Trafford","Tottenham","Leicester",0.416666666666667,0.333333333333333,0.25
"380",380,38,"13-05-2018","St. Mary's Stadium","West Ham","Everton",0.227272727272727,0.454545454545455,0.318181818181818
